"cluster","n","age_mean","LVEF_mean","RIN_mean","pct_female"
"C1",109,51.9238532110092,0.16377358490566,8.34954128440367,0
"C2",57,52.3508771929825,0.159272727272727,8.03035714285714,0
